Year,FullTeam,ID,Payroll
2023,Arizona Diamondbacks,2,103763571
2023,Atlanta Braves,3,193477500
2023,Baltimore Orioles,4,52157966
2023,Boston Red Sox,5,167533182
2023,Chicago Cubs,6,170365000
2023,Chicago White Sox,7,174911666
2023,Cincinnati Reds,8,70624500
2023,Colorado Rockies,10,166250466
2023,Detroit Tigers,11,105338500
2023,Houston Astros,13,180888333
2023,Kansas City Royals,14,75825000
2023,Los Angeles Dodgers,15,217612634
2023,Milwaukee Brewers,16,108644960
2023,Minnesota Twins,17,141271190
2023,New York Mets,19,334233332
2023,New York Yankees,20,268954047
2023,Oakland Athletics,21,43145000
2023,Philadelphia Phillies,22,232424939
2023,Pittsburgh Pirates,23,60787500
2023,San Diego Padres,24,236962024
2023,San Francisco Giants,25,175590000
2023,Seattle Mariners,26,129814047
2023,St. Louis Cardinals,27,147770834
2023,Tampa Bay Rays,28,64652911
2023,Texas Rangers,29,183578160
2023,Toronto Blue Jays,30,205680777
2023,Washington Nationals,32,78983095
2023,Miami Marlins,34,81075000
2023,Cleveland Guardians,35,75010000
2023,Los Angeles Angels,36,204088094
2022,Arizona Diamondbacks,2,77393333
2022,Atlanta Braves,3,175335000
2022,Baltimore Orioles,4,41421166
2022,Boston Red Sox,5,201616000
2022,Chicago Cubs,6,141810000
2022,Chicago White Sox,7,190760734
2022,Cincinnati Reds,8,113580000
2022,Colorado Rockies,10,137852166
2022,Detroit Tigers,11,128640000
2022,Houston Astros,13,171639599
2022,Kansas City Royals,14,84610000
2022,Los Angeles Dodgers,15,285508333
2022,Milwaukee Brewers,16,128581128
2022,Minnesota Twins,17,130984524
2022,New York Mets,19,255919999
2022,New York Yankees,20,240290714
2022,Oakland Athletics,21,32548334
2022,Philadelphia Phillies,22,221738462
2022,Pittsburgh Pirates,23,38575000
2022,San Diego Padres,24,202172618
2022,San Francisco Giants,25,142292500
2022,Seattle Mariners,26,92745714
2022,St. Louis Cardinals,27,150746666
2022,Tampa Bay Rays,28,75347813
2022,Texas Rangers,29,134961333
2022,Toronto Blue Jays,30,164470905
2022,Washington Nationals,32,114623095
2022,Miami Marlins,34,79500000
2022,Cleveland Guardians,35,57710000
2022,Los Angeles Angels,36,187613094
2021,Arizona Diamondbacks,2,94394792
2021,Atlanta Braves,3,132458375
2021,Baltimore Orioles,4,56158500
2021,Boston Red Sox,5,179540260
2021,Chicago Cubs,6,156481585
2021,Chicago White Sox,7,127148334
2021,Cincinnati Reds,8,123575488
2021,Cleveland Indians,35,51269100
2021,Colorado Rockies,10,110309500
2021,Detroit Tigers,11,80866200
2021,Houston Astros,13,176495417
2021,Kansas City Royals,14,89496700
2021,Los Angeles Dodgers,15,241372403
2021,Milwaukee Brewers,16,93818038
2021,Minnesota Twins,17,125153166
2021,New York Mets,19,186001814
2021,New York Yankees,20,201074956
2021,Oakland Athletics,21,82983674
2021,Philadelphia Phillies,22,174808832
2021,Pittsburgh Pirates,23,45599000
2021,San Diego Padres,24,175713986
2021,San Francisco Giants,25,149937613
2021,Seattle Mariners,26,83603100
2021,St. Louis Cardinals,27,164972833
2021,Tampa Bay Rays,28,66820709
2021,Texas Rangers,29,97796971
2021,Toronto Blue Jays,30,139646569
2021,Washington Nationals,32,179557685
2021,Miami Marlins,34,57481750
2021,Los Angeles Angels,36,180609676
2020,Arizona Diamondbacks,2,86471066
2020,Atlanta Braves,3,149466875
2020,Baltimore Orioles,4,52415682
2020,Boston Red Sox,5,120361000
2020,Chicago Cubs,6,188959500
2020,Chicago White Sox,7,120898499
2020,Cincinnati Reds,8,143143673
2020,Cleveland Indians,35,89004234
2020,Colorado Rockies,10,136399833
2020,Detroit Tigers,11,96832300
2020,Houston Astros,13,212321933
2020,Kansas City Royals,14,83278225
2020,Los Angeles Dodgers,15,189065000
2020,Milwaukee Brewers,16,97535926
2020,Minnesota Twins,17,127610333
2020,New York Mets,19,142288337
2020,New York Yankees,20,214291339
2020,Oakland Athletics,21,94318433
2020,Philadelphia Phillies,22,152877962
2020,Pittsburgh Pirates,23,42119000
2020,San Diego Padres,24,140317600
2020,San Francisco Giants,25,144994027
2020,Seattle Mariners,26,70343800
2020,St. Louis Cardinals,27,160781766
2020,Tampa Bay Rays,28,65812166
2020,Texas Rangers,29,137834500
2020,Toronto Blue Jays,30,92582371
2020,Washington Nationals,32,159242411
2020,Miami Marlins,34,47861700
2020,Los Angeles Angels,36,176329344
2019,Arizona Diamondbacks,2,123932983
2019,Atlanta Braves,3,113778369
2019,Baltimore Orioles,4,72722906
2019,Boston Red Sox,5,222171123
2019,Chicago Cubs,6,210358488
2019,Chicago White Sox,7,89354534
2019,Cincinnati Reds,8,126423214
2019,Cleveland Indians,35,119241701
2019,Colorado Rockies,10,147433009
2019,Detroit Tigers,11,116478400
2019,Houston Astros,13,160774666
2019,Kansas City Royals,14,100658316
2019,Los Angeles Dodgers,15,196729548
2019,Milwaukee Brewers,16,124755400
2019,Minnesota Twins,17,121276933
2019,New York Mets,19,158999270
2019,New York Yankees,20,208084848
2019,Oakland Athletics,21,92318333
2019,Philadelphia Phillies,22,140711962
2019,Pittsburgh Pirates,23,76589154
2019,San Diego Padres,24,99205017
2019,San Francisco Giants,25,178286222
2019,Seattle Mariners,26,150906143
2019,St. Louis Cardinals,27,162830430
2019,Tampa Bay Rays,28,60444931
2019,Texas Rangers,29,127660652
2019,Toronto Blue Jays,30,112037006
2019,Washington Nationals,32,161877935
2019,Miami Marlins,34,72449404
2019,Los Angeles Angels,36,159378583
2018,Arizona Diamondbacks,2,132495446
2018,Atlanta Braves,3,120542785
2018,Baltimore Orioles,4,143600045
2018,Boston Red Sox,5,235649368
2018,Chicago Cubs,6,183463459
2018,Chicago White Sox,7,72177640
2018,Cincinnati Reds,8,101185579
2018,Cleveland Indians,35,137346173
2018,Colorado Rockies,10,141339833
2018,Detroit Tigers,11,129917192
2018,Houston Astros,13,159529730
2018,Kansas City Royals,14,129967987
2018,Los Angeles Dodgers,15,186138211
2018,Milwaukee Brewers,16,90237112
2018,Minnesota Twins,17,131374996
2018,New York Mets,19,155765125
2018,New York Yankees,20,168541038
2018,Oakland Athletics,21,68534631
2018,Philadelphia Phillies,22,96848371
2018,Pittsburgh Pirates,23,87860654
2018,San Diego Padres,24,96131798
2018,San Francisco Giants,25,208509901
2018,Seattle Mariners,26,162480174
2018,St. Louis Cardinals,27,161005146
2018,Tampa Bay Rays,28,78231049
2018,Texas Rangers,29,144498078
2018,Toronto Blue Jays,30,162664502
2018,Washington Nationals,32,181586759
2018,Miami Marlins,34,98826644
2018,Los Angeles Angels,36,174592209
2017,Arizona Diamondbacks,2,90730499
2017,Atlanta Braves,3,137339527
2017,Baltimore Orioles,4,161684185
2017,Boston Red Sox,5,174287098
2017,Chicago Cubs,6,170088502
2017,Chicago White Sox,7,109591167
2017,Cincinnati Reds,8,82375785
2017,Cleveland Indians,35,115991166
2017,Colorado Rockies,10,101513571
2017,Detroit Tigers,11,180250600
2017,Houston Astros,13,127443900
2017,Kansas City Royals,14,132091916
2017,Los Angeles Dodgers,15,187989811
2017,Milwaukee Brewers,16,61020089
2017,Minnesota Twins,17,100787500
2017,New York Mets,19,176284679
2017,New York Yankees,20,170389199
2017,Oakland Athletics,21,70601667
2017,Philadelphia Phillies,22,87418378
2017,Pittsburgh Pirates,23,94637833
2017,San Diego Padres,24,34574400
2017,San Francisco Giants,25,176531278
2017,Seattle Mariners,26,155207720
2017,St. Louis Cardinals,27,146630000
2017,Tampa Bay Rays,28,69982520
2017,Texas Rangers,29,178431396
2017,Toronto Blue Jays,30,162353367
2017,Washington Nationals,32,162742157
2017,Miami Marlins,34,115348302
2017,Los Angeles Angels,36,143965833
2016,Arizona Diamondbacks,2,98657436
2016,Atlanta Braves,3,84821541
2016,Baltimore Orioles,4,147943713
2016,Boston Red Sox,5,199864178
2016,Chicago Cubs,6,167444167
2016,Chicago White Sox,7,115998667
2016,Cincinnati Reds,8,93171452
2016,Cleveland Indians,35,98006899
2016,Colorado Rockies,10,113242571
2016,Detroit Tigers,11,199525500
2016,Houston Astros,13,96643000
2016,Kansas City Royals,14,137606125
2016,Los Angeles Dodgers,15,253639162
2016,Milwaukee Brewers,16,62964319
2016,Minnesota Twins,17,104591200
2016,New York Mets,19,130612115
2016,New York Yankees,20,227854349
2016,Oakland Athletics,21,85823390
2016,Philadelphia Phillies,22,103346668
2016,Pittsburgh Pirates,23,99960499
2016,San Diego Padres,24,100547000
2016,San Francisco Giants,25,171464943
2016,Seattle Mariners,26,144996858
2016,St. Louis Cardinals,27,149186000
2016,Tampa Bay Rays,28,64120323
2016,Texas Rangers,29,161246720
2016,Toronto Blue Jays,30,140582027
2016,Washington Nationals,32,146686385
2016,Miami Marlins,34,70464500
2016,Los Angeles Angels,36,166831190
2015,Arizona Diamondbacks,2,65770333
2015,Atlanta Braves,3,89622648
2015,Baltimore Orioles,4,118862632
2015,Boston Red Sox,5,168691914
2015,Chicago Cubs,6,117164522
2015,Chicago White Sox,7,110712866
2015,Cincinnati Reds,8,117732284
2015,Cleveland Indians,35,87746766
2015,Colorado Rockies,10,98261171
2015,Detroit Tigers,11,172792250
2015,Houston Astros,13,69064200
2015,Kansas City Royals,14,112914525
2015,Los Angeles Dodgers,15,230352402
2015,Milwaukee Brewers,16,98683035
2015,Minnesota Twins,17,108262000
2015,New York Mets,19,100133953
2015,New York Yankees,20,213472857
2015,Oakland Athletics,21,80786666
2015,Philadelphia Phillies,22,133048000
2015,Pittsburgh Pirates,23,85885832
2015,San Diego Padres,24,126619628
2015,San Francisco Giants,25,166495942
2015,Seattle Mariners,26,123225842
2015,St. Louis Cardinals,27,120301957
2015,Tampa Bay Rays,28,74849584
2015,Texas Rangers,29,144816873
2015,Toronto Blue Jays,30,116415800
2015,Washington Nationals,32,174510977
2015,Miami Marlins,34,84637500
2015,Los Angeles Angels,36,146449583
2014,Arizona Diamondbacks,2,112688666
2014,Atlanta Braves,3,110897341
2014,Baltimore Orioles,4,107406623
2014,Boston Red Sox,5,162817411
2014,Chicago Cubs,6,89007857
2014,Chicago White Sox,7,91159254
2014,Cincinnati Reds,8,112390772
2014,Cleveland Indians,35,82534800
2014,Colorado Rockies,10,95832071
2014,Detroit Tigers,11,162228527
2014,Houston Astros,13,44544174
2014,Kansas City Royals,14,92034345
2014,Los Angeles Dodgers,15,235295219
2014,Milwaukee Brewers,16,103844806
2014,Minnesota Twins,17,85776500
2014,New York Mets,19,89051758
2014,New York Yankees,20,203812506
2014,Oakland Athletics,21,83401400
2014,Philadelphia Phillies,22,180052723
2014,Pittsburgh Pirates,23,78111667
2014,San Diego Padres,24,90094196
2014,San Francisco Giants,25,154185878
2014,Seattle Mariners,26,92081943
2014,St. Louis Cardinals,27,111020360
2014,Tampa Bay Rays,28,77062891
2014,Texas Rangers,29,136036172
2014,Toronto Blue Jays,30,132628700
2014,Washington Nationals,32,134704437
2014,Miami Marlins,34,47565400
2014,Los Angeles Angels,36,155692000
2013,Arizona Diamondbacks,2,90158500
2013,Atlanta Braves,3,89288193
2013,Baltimore Orioles,4,91793333
2013,Boston Red Sox,5,158967286
2013,Chicago Cubs,6,104150726
2013,Chicago White Sox,7,124065277
2013,Cincinnati Reds,8,110565728
2013,Cleveland Indians,35,82517300
2013,Colorado Rockies,10,75449071
2013,Detroit Tigers,11,149046844
2013,Houston Astros,13,24328538
2013,Kansas City Royals,14,80491725
2013,Los Angeles Dodgers,15,216302909
2013,Milwaukee Brewers,16,91003366
2013,Minnesota Twins,17,75562500
2013,New York Mets,19,88877033
2013,New York Yankees,20,228995945
2013,Oakland Athletics,21,68577000
2013,Philadelphia Phillies,22,159578214
2013,Pittsburgh Pirates,23,66289524
2013,San Diego Padres,24,71689900
2013,San Francisco Giants,25,142180333
2013,Seattle Mariners,26,84295952
2013,St. Louis Cardinals,27,116702085
2013,Tampa Bay Rays,28,57030272
2013,Texas Rangers,29,127197575
2013,Toronto Blue Jays,30,118244039
2013,Washington Nationals,32,112431770
2013,Miami Marlins,34,39621900
2013,Los Angeles Angels,36,142165250
2012,Arizona Diamondbacks,2,74284833
2012,Atlanta Braves,3,83309942
2012,Baltimore Orioles,4,81428999
2012,Boston Red Sox,5,173186617
2012,Chicago Cubs,6,88197033
2012,Chicago White Sox,7,96919500
2012,Cincinnati Reds,8,82203616
2012,Cleveland Indians,35,78430300
2012,Colorado Rockies,10,78069571
2012,Detroit Tigers,11,132300000
2012,Houston Astros,13,60651000
2012,Kansas City Royals,14,60916225
2012,Los Angeles Dodgers,15,95143575
2012,Milwaukee Brewers,16,97653944
2012,Minnesota Twins,17,94085000
2012,New York Mets,19,93353983
2012,New York Yankees,20,197962289
2012,Oakland Athletics,21,55372500
2012,Philadelphia Phillies,22,174538938
2012,Pittsburgh Pirates,23,63431999
2012,San Diego Padres,24,55244700
2012,San Francisco Giants,25,81978100
2012,Seattle Mariners,26,117620683
2012,St. Louis Cardinals,27,110300862
2012,Tampa Bay Rays,28,64173500
2012,Texas Rangers,29,120510974
2012,Toronto Blue Jays,30,75489200
2012,Washington Nationals,32,81336143
2012,Miami Marlins,34,118078000
2012,Los Angeles Angels,36,154485166
2011,Arizona Diamondbacks,2,53639833
2011,Atlanta Braves,3,87002692
2011,Baltimore Orioles,4,85304038
2011,Boston Red Sox,5,161762475
2011,Chicago Cubs,6,125047329
2011,Chicago White Sox,7,127789000
2011,Cincinnati Reds,8,75947134
2011,Cleveland Indians,35,49190566
2011,Colorado Rockies,10,88148071
2011,Detroit Tigers,11,105700231
2011,Florida Marlins,34,56944000
2011,Houston Astros,13,70694000
2011,Kansas City Royals,14,36126000
2011,Los Angeles Dodgers,15,104188999
2011,Milwaukee Brewers,16,85497333
2011,Minnesota Twins,17,112737000
2011,New York Mets,19,118847309
2011,New York Yankees,20,202689028
2011,Oakland Athletics,21,66536500
2011,Philadelphia Phillies,22,172976379
2011,Pittsburgh Pirates,23,45047000
2011,San Diego Padres,24,45869140
2011,San Francisco Giants,25,118198333
2011,Seattle Mariners,26,86524600
2011,St. Louis Cardinals,27,105433572
2011,Tampa Bay Rays,28,41053571
2011,Texas Rangers,29,92299264
2011,Toronto Blue Jays,30,62567800
2011,Washington Nationals,32,63856928
2011,Los Angeles Angels,36,138543166
2010,Arizona Diamondbacks,2,60718167
2010,Atlanta Braves,3,84423667
2010,Baltimore Orioles,4,81612500
2010,Boston Red Sox,5,162747333
2010,Chicago Cubs,6,146859000
2010,Chicago White Sox,7,108273197
2010,Cincinnati Reds,8,72386544
2010,Cleveland Indians,35,61203967
2010,Colorado Rockies,10,84227000
2010,Detroit Tigers,11,122864929
2010,Florida Marlins,34,55641500
2010,Houston Astros,13,92355500
2010,Kansas City Royals,14,72267710
2010,Los Angeles Dodgers,15,94945517
2010,Milwaukee Brewers,16,81108279
2010,Minnesota Twins,17,97559167
2010,New York Mets,19,132701445
2010,New York Yankees,20,206333389
2010,Oakland Athletics,21,51654900
2010,Philadelphia Phillies,22,141927381
2010,Pittsburgh Pirates,23,34943000
2010,San Diego Padres,24,37799300
2010,San Francisco Giants,25,97828833
2010,Seattle Mariners,26,98376667
2010,St. Louis Cardinals,27,93540753
2010,Tampa Bay Rays,28,71923471
2010,Texas Rangers,29,55250545
2010,Toronto Blue Jays,30,62689357
2010,Washington Nationals,32,61425000
2010,Los Angeles Angels,36,105013667
2009,Arizona Diamondbacks,2,73516666
2009,Atlanta Braves,3,96726166
2009,Baltimore Orioles,4,67101666
2009,Boston Red Sox,5,121745999
2009,Chicago Cubs,6,134809000
2009,Chicago White Sox,7,96068500
2009,Cincinnati Reds,8,73558500
2009,Cleveland Indians,35,81579166
2009,Colorado Rockies,10,75201000
2009,Detroit Tigers,11,115085145
2009,Florida Marlins,34,36834000
2009,Houston Astros,13,102996414
2009,Kansas City Royals,14,70519333
2009,Los Angeles Dodgers,15,100414592
2009,Milwaukee Brewers,16,80182502
2009,Minnesota Twins,17,65299266
2009,New York Mets,19,149373987
2009,New York Yankees,20,201449189
2009,Oakland Athletics,21,62310000
2009,Philadelphia Phillies,22,113004046
2009,Pittsburgh Pirates,23,48693000
2009,San Diego Padres,24,43734200
2009,San Francisco Giants,25,82616450
2009,Seattle Mariners,26,98904166
2009,St. Louis Cardinals,27,77605109
2009,Tampa Bay Rays,28,63313034
2009,Texas Rangers,29,68178798
2009,Toronto Blue Jays,30,80538300
2009,Washington Nationals,32,60328000
2009,Los Angeles Angels,36,113709000
2008,Arizona Diamondbacks,2,66202712
2008,Atlanta Braves,3,102365683
2008,Baltimore Orioles,4,67196246
2008,Boston Red Sox,5,133390035
2008,Chicago Cubs,6,118345833
2008,Chicago White Sox,7,121189332
2008,Cincinnati Reds,8,74117695
2008,Cleveland Indians,35,78970066
2008,Colorado Rockies,10,68655500
2008,Detroit Tigers,11,137685196
2008,Florida Marlins,34,21811500
2008,Houston Astros,13,88930414
2008,Kansas City Royals,14,58245500
2008,Los Angeles Dodgers,15,118588536
2008,Milwaukee Brewers,16,80937499
2008,Minnesota Twins,17,56932766
2008,New York Mets,19,137793376
2008,New York Yankees,20,209081577
2008,Oakland Athletics,21,47967126
2008,Philadelphia Phillies,22,98269880
2008,Pittsburgh Pirates,23,48689783
2008,San Diego Padres,24,73677616
2008,San Francisco Giants,25,76594500
2008,Seattle Mariners,26,117666482
2008,St. Louis Cardinals,27,99624449
2008,Tampa Bay Rays,28,43820597
2008,Texas Rangers,29,67712326
2008,Toronto Blue Jays,30,97793900
2008,Washington Nationals,32,54961000
2008,Los Angeles Angels,36,119216333
2007,Arizona Diamondbacks,2,52067546
2007,Atlanta Braves,3,87290833
2007,Baltimore Orioles,4,93174808
2007,Boston Red Sox,5,143026214
2007,Chicago Cubs,6,99670332
2007,Chicago White Sox,7,108671833
2007,Cincinnati Reds,8,68524980
2007,Cleveland Indians,35,61673267
2007,Colorado Rockies,10,54041000
2007,Detroit Tigers,11,94800369
2007,Florida Marlins,34,30507000
2007,Houston Astros,13,87759000
2007,Kansas City Royals,14,67116500
2007,Los Angeles Dodgers,15,108454524
2007,Milwaukee Brewers,16,70986500
2007,Minnesota Twins,17,71439500
2007,New York Mets,19,115231663
2007,New York Yankees,20,189259045
2007,Oakland Athletics,21,79366940
2007,Philadelphia Phillies,22,89428213
2007,Pittsburgh Pirates,23,38537833
2007,San Diego Padres,24,58110567
2007,San Francisco Giants,25,90219056
2007,Seattle Mariners,26,106460833
2007,St. Louis Cardinals,27,90286823
2007,Tampa Bay Rays,28,24123500
2007,Texas Rangers,29,68318675
2007,Toronto Blue Jays,30,81942800
2007,Washington Nationals,32,36947500
2007,Los Angeles Angels,36,109251333
2006,Arizona Diamondbacks,2,59684226
2006,Atlanta Braves,3,90156876
2006,Baltimore Orioles,4,72585582
2006,Boston Red Sox,5,120099824
2006,Chicago Cubs,6,94424499
2006,Chicago White Sox,7,102750667
2006,Cincinnati Reds,8,60909519
2006,Cleveland Indians,35,56031500
2006,Colorado Rockies,10,41233000
2006,Detroit Tigers,11,82612866
2006,Florida Marlins,34,14998500
2006,Houston Astros,13,92551503
2006,Kansas City Royals,14,47294000
2006,Los Angeles Dodgers,15,98447187
2006,Milwaukee Brewers,16,57568333
2006,Minnesota Twins,17,63396006
2006,New York Mets,19,101084963
2006,New York Yankees,20,194663079
2006,Oakland Athletics,21,62243079
2006,Philadelphia Phillies,22,88273333
2006,Pittsburgh Pirates,23,46717750
2006,San Diego Padres,24,69896141
2006,San Francisco Giants,25,90056419
2006,Seattle Mariners,26,87959833
2006,St. Louis Cardinals,27,88891371
2006,Tampa Bay Rays,28,35417967
2006,Texas Rangers,29,68228662
2006,Toronto Blue Jays,30,71915000
2006,Washington Nationals,32,63143000
2006,Los Angeles Angels,36,103472000
2005,Arizona Diamondbacks,2,62329166
2005,Atlanta Braves,3,86457302
2005,Baltimore Orioles,4,73914333
2005,Boston Red Sox,5,123505125
2005,Chicago Cubs,6,87032933
2005,Chicago White Sox,7,75178000
2005,Cincinnati Reds,8,61892583
2005,Cleveland Indians,35,41502500
2005,Colorado Rockies,10,48155000
2005,Detroit Tigers,11,69092000
2005,Florida Marlins,34,60408834
2005,Houston Astros,13,76779000
2005,Kansas City Royals,14,36881000
2005,Los Angeles Dodgers,15,83039000
2005,Milwaukee Brewers,16,39934833
2005,Minnesota Twins,17,56186000
2005,New York Mets,19,101305821
2005,New York Yankees,20,208306817
2005,Oakland Athletics,21,55425762
2005,Philadelphia Phillies,22,95522000
2005,Pittsburgh Pirates,23,38133000
2005,San Diego Padres,24,63290833
2005,San Francisco Giants,25,90199500
2005,Seattle Mariners,26,87754334
2005,St. Louis Cardinals,27,92106833
2005,Tampa Bay Rays,28,29679067
2005,Texas Rangers,29,55849000
2005,Toronto Blue Jays,30,45719500
2005,Washington Nationals,32,48581500
2005,Los Angeles Angels of Ana,36,97725322
2004,Anaheim Angels,36,100534667
2004,Arizona Diamondbacks,2,69780750
2004,Atlanta Braves,3,90182500
2004,Baltimore Orioles,4,51623333
2004,Boston Red Sox,5,127298500
2004,Chicago Cubs,6,90560000
2004,Chicago White Sox,7,65212500
2004,Cincinnati Reds,8,46615250
2004,Cleveland Indians,35,34319300
2004,Colorado Rockies,10,65445167
2004,Detroit Tigers,11,46832000
2004,Florida Marlins,34,42143042
2004,Houston Astros,13,75397000
2004,Kansas City Royals,14,47609000
2004,Los Angeles Dodgers,15,92902001
2004,Milwaukee Brewers,16,27528500
2004,Minnesota Twins,17,53585000
2004,Montreal Expos,32,41197500
2004,New York Mets,19,96660970
2004,New York Yankees,20,184193950
2004,Oakland Athletics,21,59425667
2004,Philadelphia Phillies,22,93219167
2004,Pittsburgh Pirates,23,32227929
2004,San Diego Padres,24,55384833
2004,San Francisco Giants,25,82019166
2004,Seattle Mariners,26,81515834
2004,St. Louis Cardinals,27,83228333
2004,Tampa Bay Rays,28,29556667
2004,Texas Rangers,29,55050417
2004,Toronto Blue Jays,30,50017000
2003,Anaheim Angels,36,79031667
2003,Arizona Diamondbacks,2,80640333
2003,Atlanta Braves,3,106243667
2003,Baltimore Orioles,4,73877500
2003,Boston Red Sox,5,99946500
2003,Chicago Cubs,6,79868333
2003,Chicago White Sox,7,51010000
2003,Cincinnati Reds,8,59355667
2003,Cleveland Indians,35,45584834
2003,Colorado Rockies,10,67179667
2003,Detroit Tigers,11,49168000
2003,Florida Marlins,34,49050000
2003,Houston Astros,13,71040000
2003,Kansas City Royals,14,40518000
2003,Los Angeles Dodgers,15,105872620
2003,Milwaukee Brewers,16,40627000
2003,Minnesota Twins,17,55505000
2003,Montreal Expos,32,51948500
2003,New York Mets,19,117176429
2003,New York Yankees,20,152749814
2003,Oakland Athletics,21,50260834
2003,Philadelphia Phillies,22,70780000
2003,Pittsburgh Pirates,23,54812429
2003,San Diego Padres,24,47928000
2003,San Francisco Giants,25,82852167
2003,Seattle Mariners,26,86959167
2003,St. Louis Cardinals,27,83486666
2003,Tampa Bay Rays,28,19630000
2003,Texas Rangers,29,103491667
2003,Toronto Blue Jays,30,51269000
2002,Anaheim Angels,36,61721667
2002,Arizona Diamondbacks,2,102819999
2002,Atlanta Braves,3,93470367
2002,Baltimore Orioles,4,60493487
2002,Boston Red Sox,5,108366060
2002,Chicago Cubs,6,75690833
2002,Chicago White Sox,7,57052833
2002,Cincinnati Reds,8,45050390
2002,Cleveland Indians,35,78909449
2002,Colorado Rockies,10,56851043
2002,Detroit Tigers,11,55048000
2002,Florida Marlins,34,41979917
2002,Houston Astros,13,63448417
2002,Kansas City Royals,14,47257000
2002,Los Angeles Dodgers,15,94850953
2002,Milwaukee Brewers,16,50287833
2002,Minnesota Twins,17,40225000
2002,Montreal Expos,32,38670500
2002,New York Mets,19,94633593
2002,New York Yankees,20,125928583
2002,Oakland Athletics,21,40004167
2002,Philadelphia Phillies,22,57957999
2002,Pittsburgh Pirates,23,42323599
2002,San Diego Padres,24,41425000
2002,San Francisco Giants,25,78299835
2002,Seattle Mariners,26,80282668
2002,St. Louis Cardinals,27,74660875
2002,Tampa Bay Rays,28,34380000
2002,Texas Rangers,29,105726122
2002,Toronto Blue Jays,30,76864333
2001,Anaheim Angels,36,47735168
2001,Arizona Diamondbacks,2,85247999
2001,Atlanta Braves,3,91936166
2001,Baltimore Orioles,4,74279540
2001,Boston Red Sox,5,109675833
2001,Chicago Cubs,6,64515833
2001,Chicago White Sox,7,65628667
2001,Cincinnati Reds,8,48784000
2001,Cleveland Indians,35,92660001
2001,Colorado Rockies,10,71541334
2001,Detroit Tigers,11,49356167
2001,Florida Marlins,34,35562500
2001,Houston Astros,13,60387667
2001,Kansas City Royals,14,35422500
2001,Los Angeles Dodgers,15,109105953
2001,Milwaukee Brewers,16,45099333
2001,Minnesota Twins,17,24130000
2001,Montreal Expos,32,34849500
2001,New York Mets,19,93674428
2001,New York Yankees,20,112287143
2001,Oakland Athletics,21,33810750
2001,Philadelphia Phillies,22,41663833
2001,Pittsburgh Pirates,23,57760833
2001,San Diego Padres,24,38882833
2001,San Francisco Giants,25,63280167
2001,Seattle Mariners,26,74720834
2001,St. Louis Cardinals,27,78333333
2001,Tampa Bay Rays,28,56980000
2001,Texas Rangers,29,88633500
2001,Toronto Blue Jays,30,76895999
2000,Anaheim Angels,36,55766667
2000,Arizona Diamondbacks,2,77880333
2000,Atlanta Braves,3,82732500
2000,Baltimore Orioles,4,83141198
2000,Boston Red Sox,5,81210333
2000,Chicago Cubs,6,62129333
2000,Chicago White Sox,7,31159000
2000,Cincinnati Reds,8,44217500
2000,Cleveland Indians,35,76508334
2000,Colorado Rockies,10,64130857
2000,Detroit Tigers,11,61740167
2000,Florida Marlins,34,19870000
2000,Houston Astros,13,52356667
2000,Kansas City Royals,14,23132500
2000,Los Angeles Dodgers,15,90725953
2000,Milwaukee Brewers,16,35782833
2000,Minnesota Twins,17,15654500
2000,Montreal Expos,32,33527666
2000,New York Mets,19,79759762
2000,New York Yankees,20,92938260
2000,Oakland Athletics,21,32121833
2000,Philadelphia Phillies,22,46947667
2000,Pittsburgh Pirates,23,29561667
2000,San Diego Padres,24,54971000
2000,San Francisco Giants,25,53541000
2000,Seattle Mariners,26,59215000
2000,St. Louis Cardinals,27,63993023
2000,Tampa Bay Rays,28,64407910
2000,Texas Rangers,29,70785000
2000,Toronto Blue Jays,30,46363332
1999,Anaheim Angels,36,49893166
1999,Arizona Diamondbacks,2,70370999
1999,Atlanta Braves,3,75065000
1999,Baltimore Orioles,4,70818363
1999,Boston Red Sox,5,71720000
1999,Chicago Cubs,6,55368500
1999,Chicago White Sox,7,24550000
1999,Cincinnati Reds,8,42142761
1999,Cleveland Indians,35,73853962
1999,Colorado Rockies,10,54392504
1999,Detroit Tigers,11,34959666
1999,Florida Marlins,34,15150000
1999,Houston Astros,13,55289000
1999,Kansas City Royals,14,16527000
1999,Los Angeles Dodgers,15,71135786
1999,Milwaukee Brewers,16,42927395
1999,Minnesota Twins,17,16355000
1999,Montreal Expos,32,16363000
1999,New York Mets,19,71331425
1999,New York Yankees,20,88130709
1999,Oakland Athletics,21,24150333
1999,Philadelphia Phillies,22,30516500
1999,Pittsburgh Pirates,23,24217666
1999,San Diego Padres,24,45932179
1999,San Francisco Giants,25,46059557
1999,Seattle Mariners,26,44371336
1999,St. Louis Cardinals,27,46248195
1999,Tampa Bay Rays,28,37812500
1999,Texas Rangers,29,81301598
1999,Toronto Blue Jays,30,48165333
1998,Anaheim Angels,36,38537000
1998,Arizona Diamondbacks,2,29161500
1998,Atlanta Braves,3,59536000
1998,Baltimore Orioles,4,70408134
1998,Boston Red Sox,5,51647000
1998,Chicago Cubs,6,49383000
1998,Chicago White Sox,7,36840000
1998,Cincinnati Reds,8,21995000
1998,Cleveland Indians,35,59033499
1998,Colorado Rockies,10,47433333
1998,Detroit Tigers,11,22625000
1998,Florida Marlins,34,33434000
1998,Houston Astros,13,40629000
1998,Kansas City Royals,14,32912500
1998,Los Angeles Dodgers,15,47970000
1998,Milwaukee Brewers,16,32252583
1998,Minnesota Twins,17,26182500
1998,Montreal Expos,32,9202000
1998,New York Mets,19,49559665
1998,New York Yankees,20,63159898
1998,Oakland Athletics,21,20063000
1998,Philadelphia Phillies,22,36085000
1998,Pittsburgh Pirates,23,13752000
1998,San Diego Padres,24,45368000
1998,San Francisco Giants,25,40320835
1998,Seattle Mariners,26,52032291
1998,St. Louis Cardinals,27,52572500
1998,Tampa Bay Rays,28,25317500
1998,Texas Rangers,29,54704595
1998,Toronto Blue Jays,30,48415000
1997,Anaheim Angels,36,29452672
1997,Atlanta Braves,3,50488500
1997,Baltimore Orioles,4,54871399
1997,Boston Red Sox,5,43232000
1997,Chicago Cubs,6,39829333
1997,Chicago White Sox,7,54377500
1997,Cincinnati Reds,8,43267000
1997,Cleveland Indians,35,54130232
1997,Colorado Rockies,10,42870501
1997,Detroit Tigers,11,16304500
1997,Florida Marlins,34,47753000
1997,Houston Astros,13,32935000
1997,Kansas City Royals,14,31225000
1997,Los Angeles Dodgers,15,43400000
1997,Milwaukee Brewers,16,21320332
1997,Minnesota Twins,17,25747500
1997,Montreal Expos,32,18335500
1997,New York Mets,19,38474567
1997,New York Yankees,20,59148877
1997,Oakland Athletics,21,21911000
1997,Philadelphia Phillies,22,35463500
1997,Pittsburgh Pirates,23,9071666
1997,San Diego Padres,24,34698672
1997,San Francisco Giants,25,33469213
1997,Seattle Mariners,26,39667628
1997,St. Louis Cardinals,27,44179167
1997,Texas Rangers,29,50112268
1997,Toronto Blue Jays,30,45894833
1996,Atlanta Braves,3,47390000
1996,Baltimore Orioles,4,48726832
1996,Boston Red Sox,5,39676000
1996,Chicago Cubs,6,30954000
1996,Chicago White Sox,7,41940000
1996,Cincinnati Reds,8,40719334
1996,Cleveland Indians,35,45317914
1996,Colorado Rockies,10,34918490
1996,Detroit Tigers,11,21941000
1996,Florida Marlins,34,30079500
1996,Houston Astros,13,26894000
1996,Kansas City Royals,14,18480750
1996,Los Angeles Dodgers,15,34647000
1996,Milwaukee Brewers,16,20482000
1996,Minnesota Twins,17,21961500
1996,Montreal Expos,32,15410500
1996,New York Mets,19,23456500
1996,New York Yankees,20,52189370
1996,Oakland Athletics,21,19404500
1996,Philadelphia Phillies,22,28393500
1996,Pittsburgh Pirates,23,21253500
1996,San Diego Padres,24,27133026
1996,San Francisco Giants,25,34605225
1996,Seattle Mariners,26,39221501
1996,St. Louis Cardinals,27,38741666
1996,Texas Rangers,29,35862028
1996,Toronto Blue Jays,30,28486708
1996,California Angels,36,26892500
1995,Atlanta Braves,3,45199000
1995,Baltimore Orioles,4,40835519
1995,Boston Red Sox,5,28672250
1995,Chicago Cubs,6,32460834
1995,Chicago White Sox,7,39632834
1995,Cincinnati Reds,8,37240667
1995,Cleveland Indians,35,35185500
1995,Colorado Rockies,10,31146135
1995,Detroit Tigers,11,35862501
1995,Florida Marlins,34,23670000
1995,Houston Astros,13,31624000
1995,Kansas City Royals,14,27608834
1995,Los Angeles Dodgers,15,30459001
1995,Milwaukee Brewers,16,16189600
1995,Minnesota Twins,17,24527500
1995,Montreal Expos,32,12031000
1995,New York Mets,19,24301440
1995,New York Yankees,20,46654016
1995,Oakland Athletics,21,35961500
1995,Philadelphia Phillies,22,28580000
1995,Pittsburgh Pirates,23,17054300
1995,San Diego Padres,24,25923334
1995,San Francisco Giants,25,34931849
1995,Seattle Mariners,26,34241533
1995,St. Louis Cardinals,27,30956000
1995,Texas Rangers,29,32367226
1995,Toronto Blue Jays,30,49791500
1995,California Angels,36,28974167
1994,Atlanta Braves,3,40502167
1994,Baltimore Orioles,4,37669769
1994,Boston Red Sox,5,36334084
1994,Chicago Cubs,6,35717333
1994,Chicago White Sox,7,38413836
1994,Cincinnati Reds,8,39826333
1994,Cleveland Indians,35,28490167
1994,Colorado Rockies,10,22979000
1994,Detroit Tigers,11,40042501
1994,Florida Marlins,34,20275500
1994,Houston Astros,13,32041500
1994,Kansas City Royals,14,40481334
1994,Los Angeles Dodgers,15,37194001
1994,Milwaukee Brewers,16,23375513
1994,Minnesota Twins,17,27641500
1994,Montreal Expos,32,18955000
1994,New York Mets,19,29890324
1994,New York Yankees,20,44785334
1994,Oakland Athletics,21,33169500
1994,Philadelphia Phillies,22,31422000
1994,Pittsburgh Pirates,23,20265500
1994,San Diego Padres,24,13529333
1994,San Francisco Giants,25,40054300
1994,Seattle Mariners,26,27872167
1994,St. Louis Cardinals,27,28956001
1994,Texas Rangers,29,32423097
1994,Toronto Blue Jays,30,41937668
1994,California Angels,36,20691500
1993,Atlanta Braves,3,38131000
1993,Baltimore Orioles,4,26914000
1993,Boston Red Sox,5,37108583
1993,Chicago Cubs,6,38303166
1993,Chicago White Sox,7,34598166
1993,Cincinnati Reds,8,42851167
1993,Cleveland Indians,35,15717667
1993,Colorado Rockies,10,8829000
1993,Detroit Tigers,11,36548166
1993,Florida Marlins,34,18196545
1993,Houston Astros,13,28854500
1993,Kansas City Royals,14,40102666
1993,Los Angeles Dodgers,15,37833000
1993,Milwaukee Brewers,16,22948834
1993,Minnesota Twins,17,27284933
1993,Montreal Expos,32,14881334
1993,New York Mets,19,38350167
1993,New York Yankees,20,41305000
1993,Oakland Athletics,21,35535834
1993,Philadelphia Phillies,22,26812334
1993,Pittsburgh Pirates,23,23565667
1993,San Diego Padres,24,24557333
1993,San Francisco Giants,25,34567500
1993,Seattle Mariners,26,31616333
1993,St. Louis Cardinals,27,22615334
1993,Texas Rangers,29,35641959
1993,Toronto Blue Jays,30,45747666
1993,California Angels,36,27230334
1992,Atlanta Braves,3,32975333
1992,Baltimore Orioles,4,20997667
1992,Boston Red Sox,5,42203584
1992,Chicago Cubs,6,29060833
1992,Chicago White Sox,7,28413500
1992,Cincinnati Reds,8,35203999
1992,Cleveland Indians,35,8236166
1992,Detroit Tigers,11,28773834
1992,Houston Astros,13,13352000
1992,Kansas City Royals,14,33643834
1992,Los Angeles Dodgers,15,43788166
1992,Milwaukee Brewers,16,30253668
1992,Minnesota Twins,17,27432834
1992,Montreal Expos,32,15869667
1992,New York Mets,19,44352002
1992,New York Yankees,20,35966834
1992,Oakland Athletics,21,39957834
1992,Philadelphia Phillies,22,23804834
1992,Pittsburgh Pirates,23,32589167
1992,San Diego Padres,24,27584167
1992,San Francisco Giants,25,33126168
1992,Seattle Mariners,26,22483834
1992,St. Louis Cardinals,27,26889836
1992,Texas Rangers,29,29740667
1992,Toronto Blue Jays,30,43663666
1992,California Angels,36,33529854
1991,Atlanta Braves,3,20423500
1991,Baltimore Orioles,4,14627334
1991,Boston Red Sox,5,32767500
1991,Chicago Cubs,6,26923120
1991,Chicago White Sox,7,16830437
1991,Cincinnati Reds,8,25369166
1991,Cleveland Indians,35,18270000
1991,Detroit Tigers,11,23736334
1991,Houston Astros,13,11546000
1991,Kansas City Royals,14,28722662
1991,Los Angeles Dodgers,15,33216664
1991,Milwaukee Brewers,16,24398000
1991,Minnesota Twins,17,22431000
1991,Montreal Expos,32,20813500
1991,New York Mets,19,32590002
1991,New York Yankees,20,27815835
1991,Oakland Athletics,21,33632500
1991,Philadelphia Phillies,22,20298332
1991,Pittsburgh Pirates,23,23064667
1991,San Diego Padres,24,22585001
1991,San Francisco Giants,25,30839333
1991,Seattle Mariners,26,16126834
1991,St. Louis Cardinals,27,21435001
1991,Texas Rangers,29,22224500
1991,Toronto Blue Jays,30,27538751
1991,California Angels,36,31782501
1990,Atlanta Braves,3,13328334
1990,Baltimore Orioles,4,10037084
1990,Boston Red Sox,5,20983333
1990,Chicago Cubs,6,14496000
1990,Chicago White Sox,7,9496238
1990,Cincinnati Reds,8,14769500
1990,Cleveland Indians,35,15152000
1990,Detroit Tigers,11,18092238
1990,Houston Astros,13,18830000
1990,Kansas City Royals,14,23873745
1990,Los Angeles Dodgers,15,21618704
1990,Milwaukee Brewers,16,20019167
1990,Minnesota Twins,17,15106000
1990,Montreal Expos,32,16656388
1990,New York Mets,19,22518834
1990,New York Yankees,20,20991318
1990,Oakland Athletics,21,19987501
1990,Philadelphia Phillies,22,13953667
1990,Pittsburgh Pirates,23,15656000
1990,San Diego Padres,24,18588334
1990,San Francisco Giants,25,20942333
1990,Seattle Mariners,26,12941667
1990,St. Louis Cardinals,27,20923334
1990,Texas Rangers,29,15104372
1990,Toronto Blue Jays,30,18486834
1990,California Angels,36,21870000
1989,Atlanta Braves,3,9551334
1989,Baltimore Orioles,4,8176666
1989,Boston Red Sox,5,18553385
1989,Chicago Cubs,6,10165500
1989,Chicago White Sox,7,7595561
1989,Cincinnati Reds,8,11087000
1989,Cleveland Indians,35,8928500
1989,Detroit Tigers,11,15099596
1989,Houston Astros,13,16011000
1989,Kansas City Royals,14,15421662
1989,Los Angeles Dodgers,15,21584161
1989,Milwaukee Brewers,16,10373000
1989,Minnesota Twins,17,15540500
1989,Montreal Expos,32,12305389
1989,New York Mets,19,20013212
1989,New York Yankees,20,20562985
1989,Oakland Athletics,21,14602999
1989,Philadelphia Phillies,22,9640000
1989,Pittsburgh Pirates,23,11993500
1989,San Diego Padres,24,13094000
1989,San Francisco Giants,25,14094000
1989,Seattle Mariners,26,9547500
1989,St. Louis Cardinals,27,15555333
1989,Texas Rangers,29,10689500
1989,Toronto Blue Jays,30,16009666
1989,California Angels,36,14713833
1988,Atlanta Braves,3,9967167
1988,Baltimore Orioles,4,9995404
1988,Boston Red Sox,5,15544592
1988,Chicago Cubs,6,12339833
1988,Chicago White Sox,7,5906952
1988,Cincinnati Reds,8,8368833
1988,Cleveland Indians,35,7819500
1988,Detroit Tigers,11,15597071
1988,Houston Astros,13,13454667
1988,Kansas City Royals,14,11558873
1988,Los Angeles Dodgers,15,15462515
1988,Milwaukee Brewers,16,10214000
1988,Minnesota Twins,17,12154800
1988,Montreal Expos,32,8852333
1988,New York Mets,19,15502714
1988,New York Yankees,20,18909152
1988,Oakland Athletics,21,11380183
1988,Philadelphia Phillies,22,12998000
1988,Pittsburgh Pirates,23,7627500
1988,San Diego Padres,24,9878168
1988,San Francisco Giants,25,12188000
1988,Seattle Mariners,26,6545950
1988,St. Louis Cardinals,27,14000000
1988,Texas Rangers,29,6008000
1988,Toronto Blue Jays,30,11673725
1988,California Angels,36,10932388
